<code_scheme name="Default" version="173">
  <ClojureCodeStyleSettings>
    <option name="alignBindingForms" value="true" />
    <option name="commentAlignColumn" value="50" />
    <option name="defaultOnlyIndent" value="true" />
    <option name="indentCustomisations">
      <map>
        <entry key="clojure.core/defn-" value="-1" />
      </map>
    </option>
  </ClojureCodeStyleSettings>
  <JetCodeStyleSettings>
    <option name="CODE_STYLE_DEFAULTS" value="KOTLIN_OFFICIAL" />
  </JetCodeStyleSettings>
  <codeStyleSettings language="Dart">
    <option name="RIGHT_MARGIN" value="100" />
  </codeStyleSettings>
  <codeStyleSettings language="kotlin">
    <option name="CODE_STYLE_DEFAULTS" value="KOTLIN_OFFICIAL" />
  </codeStyleSettings>
</code_scheme>