<code_scheme name="Default" version="173">
  <ClojureCodeStyleSettings>{
  :cursive.formatting/align-binding-forms true
  :cursive.formatting/comment-align-column 50
  :cursive.formatting/default-only-indent true
}</ClojureCodeStyleSettings>
  <JetCodeStyleSettings>
    <option name="CODE_STYLE_DEFAULTS" value="KOTLIN_OFFICIAL" />
  </JetCodeStyleSettings>
  <codeStyleSettings language="Dart">
    <option name="RIGHT_MARGIN" value="100" />
  </codeStyleSettings>
  <codeStyleSettings language="kotlin">
    <option name="CODE_STYLE_DEFAULTS" value="KOTLIN_OFFICIAL" />
  </codeStyleSettings>
</code_scheme>