<application>
  <component name="com.intellij.ide.ui.customization.CustomActionsSchema">
    <group value="androidAddToISuite" is_action="true" action_type="1" position="1">
      <path value="root" />
      <path value="Editor Popup Menu" />
      <path value="Editor Popup Menu Actions (2)" />
      <path value="Compile/Run Actions" />
      <path value="Run Configurations" />
      <path value="RunContextGroup" />
      <path value="group.Add to pattern suite" />
      <option name="myInitialPosition" value="-1" />
    </group>
    <group value="androidAddToISuite" is_action="true" action_type="1" position="1">
      <path value="root" />
      <path value="Editor Tab Popup Menu" />
      <path value="Editor Tab Popup Menu Actions (1)" />
      <path value="Run Configurations" />
      <path value="RunContextGroup" />
      <path value="group.Add to pattern suite" />
      <option name="myInitialPosition" value="-1" />
    </group>
    <group value="androidAddToISuite" is_action="true" action_type="1" position="1">
      <path value="root" />
      <path value="Project View Popup Menu" />
      <path value="Project View Popup Menu Run Group" />
      <path value="Run Configurations" />
      <path value="RunContextGroup" />
      <path value="group.Add to pattern suite" />
      <option name="myInitialPosition" value="-1" />
    </group>
    <group value="androidAddToISuite" is_action="true" action_type="1" position="1">
      <path value="root" />
      <path value="Scope View Popup Menu" />
      <path value="Project View Popup Menu" />
      <path value="Project View Popup Menu Run Group" />
      <path value="Run Configurations" />
      <path value="RunContextGroup" />
      <path value="group.Add to pattern suite" />
      <option name="myInitialPosition" value="-1" />
    </group>
    <group value="androidAddToISuite" is_action="true" action_type="1" position="1">
      <path value="root" />
      <path value="Favorites View Popup Menu" />
      <path value="Project View Popup Menu Run Group" />
      <path value="Run Configurations" />
      <path value="RunContextGroup" />
      <path value="group.Add to pattern suite" />
      <option name="myInitialPosition" value="-1" />
    </group>
    <group value="androidAddToISuite" is_action="true" action_type="1" position="1">
      <path value="root" />
      <path value="Commander View Popup Menu" />
      <path value="Run Configurations" />
      <path value="RunContextGroup" />
      <path value="group.Add to pattern suite" />
      <option name="myInitialPosition" value="-1" />
    </group>
    <group value="androidAddToISuite" is_action="true" action_type="1" position="1">
      <path value="root" />
      <path value="Navigation Bar" />
      <path value="Project View Popup Menu Run Group" />
      <path value="Run Configurations" />
      <path value="RunContextGroup" />
      <path value="group.Add to pattern suite" />
      <option name="myInitialPosition" value="-1" />
    </group>
  </component>
</application>