<application>
  <component name="DepsSettings">
    <option name="clojureCommandPath" value="/usr/local/bin/clojure" />
    <option name="configFiles">
      <list>
        <option value="/usr/local/Cellar/clojure/1.10.3.1069/deps.edn" />
        <option value="$USER_HOME$/.clojure/deps.edn" />
      </list>
    </option>
    <option name="configPath" value="$USER_HOME$/.clojure" />
    <option name="defaultAliases" value="dev,test" />
    <option name="executableHash" value="1940877625" />
    <option name="installPath" value="/usr/local/Cellar/clojure/1.10.3.1069" />
    <option name="uberjarPath" value="/usr/local/Cellar/clojure/1.10.3.1069/libexec/clojure-tools-1.10.3.1069.jar" />
    <option name="version" value="1.10.3.1069" />
  </component>
</application>