<application>
  <component name="CodeInsightSettings">
    <option name="JAVADOC_STUB_ON_ENTER" value="false" />
  </component>
  <component name="DefaultFont">
    <option name="FONT_SIZE" value="15" />
    <option name="FONT_REGULAR_SUB_FAMILY" value="Regular" />
    <option name="FONT_BOLD_SUB_FAMILY" value="Bold" />
  </component>
  <component name="EditorSettings">
    <option name="USE_SOFT_WRAPS" value="MAIN_EDITOR:CONSOLE" />
    <option name="SOFT_WRAP_FILE_MASKS" value="*.md; *.txt; *.rst; *.adoc; *.edn," />
    <option name="IS_VIRTUAL_SPACE" value="true" />
    <option name="ARE_GUTTER_ICONS_SHOWN" value="false" />
    <option name="ADDITIONAL_PAGE_AT_BOTTOM" value="true" />
  </component>
  <component name="JetEditorOptions">
    <option name="donTShowConversionDialog" value="true" />
  </component>
</application>