<application>
  <component name="FileTypeManager" version="18">
    <extensionMap>
      <mapping pattern="403events_1" type="AUTO_DETECTED" />
      <mapping ext="space.kts" type="Kotlin" />
      <mapping ext="gradle.kts" type="Kotlin" />
      <mapping ext="main.kts" type="Kotlin" />
      <mapping pattern=".slugignore" type="PLAIN_TEXT" />
      <mapping ext="2" type="PLAIN_TEXT" />
      <removed_mapping ext="apk" approved="true" type="ARCHIVE" />
      <removed_mapping ext="log" approved="true" type="ANSI Aware" />
      <removed_mapping ext="psd" approved="true" type="Image" />
    </extensionMap>
  </component>
</application>