<application>
  <component name="FindSettings">
    <option name="customScope" value="All Places" />
    <option name="defaultScopeName" value="All Places" />
    <option name="localWholeWordsOnly" value="true" />
    <option name="regularExpressions" value="true" />
    <option name="showResultsInSeparateView" value="true" />
    <option name="LOCAL_WHOLE_WORDS_ONLY" value="true" />
    <option name="REGULAR_EXPRESSIONS" value="true" />
    <option name="SHOW_RESULTS_IN_SEPARATE_VIEW" value="true" />
    <option name="SEARCH_SCOPE" value="All Places" />
    <mask>*.css</mask>
    <mask>*.html</mask>
    <mask>*.xml</mask>
    <mask>*.jsp</mask>
    <mask>*.properties</mask>
    <mask>*.java</mask>
  </component>
</application>