<application>
  <component name="GeneralSettings">
    <option name="confirmOpenNewProject2" value="0" />
    <option name="processCloseConfirmation" value="DISCONNECT" />
    <option name="reopenLastProject" value="false" />
    <option name="showTipsOnStartup" value="false" />
  </component>
  <component name="Registry">
    <entry key="ide.mac.allowDarkWindowDecorations" value="true" />
    <entry key="ide.balloon.shadow.size" value="0" />
    <entry key="ide.tree.ui.experimental" value="false" />
    <entry key="external.system.auto.import.disabled" value="true" />
  </component>
</application>