<application>
  <component name="GeneralSettings">
    <option name="showTipsOnStartup" value="false" />
    <option name="reopenLastProject" value="false" />
    <option name="confirmOpenNewProject2" value="0" />
    <option name="processCloseConfirmation" value="TERMINATE" />
    <option name="inactiveTimeout" value="20" />
  </component>
  <component name="Registry">
    <entry key="ide.mac.transparentTitleBarAppearance" value="true" />
    <entry key="ide.experimental.ui" value="true" />
    <entry key="ide.balloon.shadow.size" value="0" />
    <entry key="ide.experimental.ui.inter.font" value="false" />
    <entry key="idea.plugins.compatible.build" value="" />
  </component>
  <component name="StatusBar">
    <option name="widgets">
      <map>
        <entry key="PowerSaveMode" value="true" />
      </map>
    </option>
  </component>
</application>