<application>
  <component name="KeyPromoterXStatistic">
    <option name="statistics">
      <Statistic Action="Declaration">
        <Item>
          <IdeaActionID>GotoDeclaration</IdeaActionID>
          <ShortCut>'⌘B' or '⌘Button1 Click' or 'Button2 Click'</ShortCut>
          <Description>Declaration</Description>
          <Count>1</Count>
        </Item>
      </Statistic>
      <Statistic Action="REPL">
        <Item>
          <IdeaActionID>ActivateREPLToolWindow</IdeaActionID>
          <ShortCut>'⌘2'</ShortCut>
          <Description>REPL</Description>
          <Count>2</Count>
        </Item>
      </Statistic>
    </option>
  </component>
</application>