<application>
  <component name="ProjectManager">
    <defaultProject>
      <component name="ClojureProjectResolveSettings">
        <currentScheme>IDE</currentScheme>
      </component>
      <component name="MarkdownSettingsMigration">
        <option name="stateVersion" value="1" />
      </component>
      <component name="PropertiesComponent">{
  &quot;keyToString&quot;: {
    &quot;settings.editor.selected.configurable&quot;: &quot;preferences.pluginManager&quot;
  }
}</component>
      <component name="WindowStateProjectService">
        <state x="1283" y="32" width="1494" height="1647" key="SettingsEditor" timestamp="1697103534077">
          <screen x="0" y="0" width="2560" height="1440" />
        </state>
        <state x="1283" y="32" key="SettingsEditor/0.0.2560.1440" timestamp="1697103534077" />
        <state x="1508" y="38" width="1494" height="1647" key="SettingsEditor/0.0.3008.1692" timestamp="1696456875146" />
      </component>
    </defaultProject>
  </component>
</application>