<application>
  <component name="ProjectManager">
    <defaultProject>
      <component name="ClojureProjectResolveSettings">
        <currentScheme>IDE</currentScheme>
      </component>
      <component name="ComposerSettings">
        <execution />
      </component>
      <component name="MarkdownSettingsMigration">
        <option name="stateVersion" value="1" />
      </component>
      <component name="ProjectViewState">
        <option name="hideEmptyMiddlePackages" value="true" />
        <option name="showLibraryContents" value="true" />
      </component>
      <component name="PropertiesComponent"><![CDATA[{}]]></component>
      <component name="RunManager">
        <configuration default="true" type="GradleRunConfiguration" factoryName="Gradle">
          <ExternalSystemSettings>
            <option name="executionName" />
            <option name="externalProjectPath" value="" />
            <option name="externalSystemIdString" value="GRADLE" />
            <option name="scriptParameters" value="" />
            <option name="taskDescriptions">
              <list />
            </option>
            <option name="taskNames">
              <list />
            </option>
            <option name="vmOptions" />
          </ExternalSystemSettings>
          <ExternalSystemDebugServerProcess>true</ExternalSystemDebugServerProcess>
          <ExternalSystemReattachDebugProcess>true</ExternalSystemReattachDebugProcess>
          <ExternalSystemDebugDisabled>false</ExternalSystemDebugDisabled>
          <DebugAllEnabled>false</DebugAllEnabled>
          <RunAsTest>false</RunAsTest>
          <GradleProfilingDisabled>false</GradleProfilingDisabled>
          <GradleCoverageDisabled>false</GradleCoverageDisabled>
          <method v="2" />
        </configuration>
      </component>
      <component name="WindowStateProjectService">
        <state x="1508" y="38" width="1494" height="1647" key="SettingsEditor" timestamp="1696456875146">
          <screen x="0" y="0" width="3008" height="1692" />
        </state>
        <state x="1508" y="38" width="1494" height="1647" key="SettingsEditor/0.0.3008.1692" timestamp="1696456875146" />
      </component>
    </defaultProject>
  </component>
</application>