<application>
  <component name="ProjectManager">
    <defaultProject>
      <component name="ClojureProjectResolveSettings">
        <currentScheme>IDE</currentScheme>
      </component>
      <component name="PropertiesComponent"><![CDATA[{
  "keyToString": {
    "settings.editor.selected.configurable": "preferences.pluginManager"
  }
}]]></component>
      <component name="WindowStateProjectService">
        <state x="1508" y="38" width="1494" height="1647" key="SettingsEditor" timestamp="1696456875146">
          <screen x="0" y="0" width="3008" height="1692" />
        </state>
        <state x="1508" y="38" width="1494" height="1647" key="SettingsEditor/0.0.3008.1692" timestamp="1696456875146" />
      </component>
    </defaultProject>
  </component>
</application>