<application>
  <component name="Trusted.Paths">
    <option name="TRUSTED_PROJECT_PATHS">
      <map>
        <entry key="$USER_HOME$/work/gigadesk" value="true" />
        <entry key="$USER_HOME$/work/kotend" value="true" />
        <entry key="$USER_HOME$/work/kotend-release-33" value="true" />
      </map>
    </option>
  </component>
  <component name="Trusted.Paths.Settings">
    <option name="TRUSTED_PATHS">
      <list>
        <option value="$USER_HOME$/work" />
      </list>
    </option>
  </component>
</application>