<application>
  <component name="UpdatesConfigurable">
    <option name="LAST_BUILD_CHECKED" value="IC-252.26199.169" />
    <option name="LAST_TIME_CHECKED" value="1758804679083" />
    <option name="OBSOLETE_CUSTOM_REPOSITORIES_CLEAN_NEEDED" value="false" />
    <pluginHosts>
      <item value="https://plugins.jetbrains.com/plugins/eap/8090" />
    </pluginHosts>
    <option name="THIRD_PARTY_PLUGINS_ALLOWED" value="true" />
    <option name="WHATS_NEW_SHOWN_FOR" value="253" />
  </component>
</application>