<application>
  <component name="DimensionService">
    <location key="find.popup.0.0.3600.2338@192dpi" x="1328" y="362" />
    <size key="GridCell.Tab.0.left.0.0.3600.2338@192dpi" width="3428" height="654" />
    <size key="GridCell.Tab.0.center.0.0.3600.2338@192dpi" width="3428" height="654" />
    <size key="GridCell.Tab.0.right.0.0.3600.2338@192dpi" width="3428" height="654" />
    <size key="GridCell.Tab.0.bottom.0.0.3600.2338@192dpi" width="3428" height="654" />
    <size key="GridCell.Tab.1.left.0.0.3600.2338@192dpi" width="3428" height="734" />
    <size key="GridCell.Tab.1.center.0.0.3600.2338@192dpi" width="3428" height="734" />
    <size key="GridCell.Tab.1.right.0.0.3600.2338@192dpi" width="3428" height="734" />
    <size key="GridCell.Tab.1.bottom.0.0.3600.2338@192dpi" width="3428" height="734" />
    <size key="find.popup.0.0.3600.2338@192dpi" width="1298" height="1752" />
  </component>
  <component name="WindowManager">
    <frame x="0" y="0" width="1706" height="1063" extendedState="6" />
  </component>
  <component name="WindowStateApplicationService">
    <state width="642" height="211" key="ShowUsagesActions.dimensionServiceKey" timestamp="1758805251186">
      <screen x="0" y="44" width="1800" height="1125" />
    </state>
    <state width="642" height="211" key="ShowUsagesActions.dimensionServiceKey/0.44.1800.1125" timestamp="1758805251186" />
    <state x="840" y="577" width="1676" height="1063" key="WELCOME_SCREEN" timestamp="1766081146794">
      <screen x="0" y="44" width="1710" height="1068" />
    </state>
    <state x="840" y="577" width="1676" height="1063" key="WELCOME_SCREEN/0.44.1710.1068" timestamp="1766081146794" />
    <state x="900" y="606" width="1796" height="1120" key="WELCOME_SCREEN/0.44.1800.1125" timestamp="1758802374329" />
  </component>
</application>