<keymap version="1" name="Mac OS X 10.5+ copy" parent="Mac OS X 10.5+">
  <action id=":cursive.actions.paredit/barf-backwards">
    <keyboard-shortcut first-keystroke="ctrl meta k" />
    <keyboard-shortcut first-keystroke="alt o" />
  </action>
  <action id=":cursive.actions.paredit/close-curly-and-newline" />
  <action id=":cursive.actions.paredit/close-paren-and-newline" />
  <action id=":cursive.actions.paredit/close-square-and-newline" />
  <action id=":cursive.actions.paredit/wrap-curly">
    <keyboard-shortcut first-keystroke="shift alt open_bracket" />
    <keyboard-shortcut first-keystroke="shift alt close_bracket" />
  </action>
  <action id=":cursive.actions.paredit/wrap-paren">
    <keyboard-shortcut first-keystroke="alt 9" />
    <keyboard-shortcut first-keystroke="alt 0" />
  </action>
  <action id=":cursive.actions.paredit/wrap-square">
    <keyboard-shortcut first-keystroke="alt close_bracket" />
    <keyboard-shortcut first-keystroke="alt open_bracket" />
  </action>
  <action id=":cursive.repl.actions/run-top-sexp">
    <keyboard-shortcut first-keystroke="shift meta p" />
    <keyboard-shortcut first-keystroke="alt r" />
  </action>
  <action id="ActivateFavoritesToolWindow" />
  <action id="ActivateREPLToolWindow">
    <keyboard-shortcut first-keystroke="meta 2" />
  </action>
  <action id="ActivateTerminalToolWindow">
    <keyboard-shortcut first-keystroke="alt f12" />
    <keyboard-shortcut first-keystroke="meta 8" />
  </action>
  <action id="DuplicatesForm.SendToRight" />
  <action id="ExportToTextFile" />
  <action id="FileChooser.GotoProject" />
  <action id="OverrideMethods" />
  <action id="editRunConfigurations">
    <keyboard-shortcut first-keystroke="ctrl alt e" />
  </action>
</keymap>