<keymap version="1" name="macOS copy" parent="Mac OS X 10.5+">
  <action id="$SelectAll" />
  <action id=":cursive.actions.paredit/backward-up">
    <keyboard-shortcut first-keystroke="shift meta alt left" />
    <keyboard-shortcut first-keystroke="meta open_bracket" />
  </action>
  <action id=":cursive.actions.paredit/close-curly-and-newline" />
  <action id=":cursive.actions.paredit/close-square-and-newline" />
  <action id=":cursive.actions.paredit/forward-down">
    <keyboard-shortcut first-keystroke="meta close_bracket" />
  </action>
  <action id=":cursive.actions.paredit/move-form-down">
    <keyboard-shortcut first-keystroke="alt down" />
  </action>
  <action id=":cursive.actions.paredit/move-form-up">
    <keyboard-shortcut first-keystroke="alt up" />
  </action>
  <action id=":cursive.actions.paredit/slurp-forwards" />
  <action id=":cursive.actions.paredit/wrap-curly" />
  <action id=":cursive.actions.paredit/wrap-square" />
  <action id="ActivateREPLToolWindow">
    <keyboard-shortcut first-keystroke="alt r" />
  </action>
  <action id="ActivateServicesToolWindow" />
  <action id="ActivateTerminalToolWindow">
    <keyboard-shortcut first-keystroke="alt f12" />
    <keyboard-shortcut first-keystroke="meta 8" />
  </action>
  <action id="Annotate">
    <keyboard-shortcut first-keystroke="alt a" />
  </action>
  <action id="Arrangement.Alias.Rule.Match.Condition.Move.Down" />
  <action id="Arrangement.Rule.Group.Condition.Move.Down" />
  <action id="Arrangement.Rule.Group.Condition.Move.Up" />
  <action id="Arrangement.Rule.Match.Condition.Move.Down" />
  <action id="Arrangement.Rule.Match.Condition.Move.Up" />
  <action id="Back">
    <keyboard-shortcut first-keystroke="meta alt left" />
    <mouse-shortcut keystroke="button4" />
  </action>
  <action id="ChangesView.Revert">
    <keyboard-shortcut first-keystroke="meta alt z" />
    <keyboard-shortcut first-keystroke="meta alt x" />
  </action>
  <action id="Cursive.Repl.Command.send-form">
    <keyboard-shortcut first-keystroke="alt f" />
  </action>
  <action id="Cursive.Repl.Command.send-selection">
    <keyboard-shortcut first-keystroke="alt v" />
  </action>
  <action id="EditorLineEndWithSelection">
    <keyboard-shortcut first-keystroke="shift end" />
  </action>
  <action id="EditorLineStartWithSelection">
    <keyboard-shortcut first-keystroke="shift home" />
  </action>
  <action id="EditorSelectWord">
    <keyboard-shortcut first-keystroke="shift meta alt up" />
  </action>
  <action id="EditorUnSelectWord" />
  <action id="EvalSelectionAsGroovy">
    <keyboard-shortcut first-keystroke="shift alt e" />
  </action>
  <action id="Forward">
    <keyboard-shortcut first-keystroke="meta alt right" />
    <mouse-shortcut keystroke="button5" />
  </action>
  <action id="Insert Hello World">
    <keyboard-shortcut first-keystroke="shift ctrl w" />
  </action>
  <action id="List-selectFirstRow" />
  <action id="List-selectLastRow" />
  <action id="MethodOverloadSwitchDown" />
  <action id="MethodOverloadSwitchUp" />
  <action id="MoveElementLeft" />
  <action id="MoveStatementDown" />
  <action id="MoveStatementUp" />
  <action id="NextTab">
    <keyboard-shortcut first-keystroke="shift meta close_bracket" />
  </action>
  <action id="PreviousTab">
    <keyboard-shortcut first-keystroke="shift meta open_bracket" />
  </action>
  <action id="ResizeToolWindowDown">
    <keyboard-shortcut first-keystroke="ctrl alt down" />
    <keyboard-shortcut first-keystroke="shift meta down" />
  </action>
  <action id="ResizeToolWindowLeft">
    <keyboard-shortcut first-keystroke="ctrl alt left" />
    <keyboard-shortcut first-keystroke="shift meta left" />
  </action>
  <action id="ResizeToolWindowRight">
    <keyboard-shortcut first-keystroke="ctrl alt right" />
    <keyboard-shortcut first-keystroke="shift meta right" />
  </action>
  <action id="ResizeToolWindowUp">
    <keyboard-shortcut first-keystroke="ctrl alt up" />
    <keyboard-shortcut first-keystroke="shift meta up" />
  </action>
  <action id="SelectForm">
    <keyboard-shortcut first-keystroke="shift ctrl alt w" />
  </action>
  <action id="Show Actions Popup">
    <keyboard-shortcut first-keystroke="shift ctrl alt p" />
  </action>
  <action id="ShowSearchHistory" />
  <action id="SmartSelect" />
  <action id="SmartUnSelect" />
  <action id="StepOver">
    <keyboard-shortcut first-keystroke="f8" />
    <keyboard-shortcut first-keystroke="alt j" />
  </action>
  <action id="Terminal.SwitchFocusToEditor">
    <keyboard-shortcut first-keystroke="escape" />
    <keyboard-shortcut first-keystroke="alt 8" />
  </action>
  <action id="UsageView.ShowRecentFindUsages" />
  <action id="VimActions">
    <keyboard-shortcut first-keystroke="shift ctrl alt e" />
  </action>
  <action id="VimFindActionIdAction">
    <keyboard-shortcut first-keystroke="shift ctrl alt v" />
  </action>
  <action id="XPathView.Actions.Evaluate" />
  <action id="XPathView.Actions.FindByExpression" />
  <action id="XPathView.Actions.ShowPath" />
  <action id="insertClojureComment">
    <keyboard-shortcut first-keystroke="shift ctrl w" />
  </action>
</keymap>