<keymap version="1" name="Mac OS X 10.5+ copy±" parent="Mac OS X 10.5+">
  <action id="AceAction">
    <keyboard-shortcut first-keystroke="alt semicolon" />
  </action>
  <action id="AceWordAction">
    <keyboard-shortcut first-keystroke="ctrl semicolon" />
  </action>
  <action id="ActivateAndroidProfilerToolWindow">
    <keyboard-shortcut first-keystroke="meta 7" />
  </action>
  <action id="ActivateGradleConsoleToolWindow">
    <keyboard-shortcut first-keystroke="ctrl alt t" />
  </action>
  <action id="ActivateLogcatToolWindow">
    <keyboard-shortcut first-keystroke="meta 6" />
  </action>
  <action id="ActivatePreviewToolWindow">
    <keyboard-shortcut first-keystroke="ctrl alt p" />
  </action>
  <action id="ActivateProblemsViewToolWindow" />
  <action id="ActivateStructureToolWindow" />
  <action id="ActivateTerminalToolWindow">
    <keyboard-shortcut first-keystroke="alt f12" />
    <keyboard-shortcut first-keystroke="meta 8" />
  </action>
  <action id="Android.SyncProject">
    <keyboard-shortcut first-keystroke="ctrl alt s" />
  </action>
  <action id="AndroidConnectDebuggerAction">
    <keyboard-shortcut first-keystroke="alt d" />
  </action>
  <action id="Annotate">
    <keyboard-shortcut first-keystroke="ctrl alt a" />
  </action>
  <action id="ChangesView.Commit">
    <keyboard-shortcut first-keystroke="ctrl alt c" />
  </action>
  <action id="CollapseSelection" />
  <action id="Git.Branches">
    <keyboard-shortcut first-keystroke="ctrl alt g" />
  </action>
  <action id="Git.CompareWithBranch">
    <keyboard-shortcut first-keystroke="ctrl alt b" />
  </action>
  <action id="MoveTabDown">
    <keyboard-shortcut first-keystroke="ctrl alt j" />
  </action>
  <action id="MoveTabRight">
    <keyboard-shortcut first-keystroke="ctrl alt m" />
  </action>
  <action id="Resume">
    <keyboard-shortcut first-keystroke="alt r" />
  </action>
  <action id="StepOver">
    <keyboard-shortcut first-keystroke="meta period" />
  </action>
  <action id="SwitchApply">
    <keyboard-shortcut first-keystroke="ctrl alt enter" />
  </action>
  <action id="SwitchDown">
    <keyboard-shortcut first-keystroke="ctrl alt down" />
  </action>
  <action id="SwitchLeft">
    <keyboard-shortcut first-keystroke="ctrl alt left" />
  </action>
  <action id="SwitchRight">
    <keyboard-shortcut first-keystroke="ctrl alt right" />
  </action>
  <action id="SwitchUp">
    <keyboard-shortcut first-keystroke="ctrl alt up" />
  </action>
  <action id="ToggleLineBreakpoint">
    <keyboard-shortcut first-keystroke="meta f8" />
    <keyboard-shortcut first-keystroke="alt o" />
  </action>
  <action id="VimPluginToggle">
    <keyboard-shortcut first-keystroke="meta alt v" />
    <keyboard-shortcut first-keystroke="ctrl alt v" />
  </action>
  <action id="android.deploy.ApplyChanges">
    <keyboard-shortcut first-keystroke="ctrl meta e" />
  </action>
  <action id="android.deploy.CodeSwap">
    <keyboard-shortcut first-keystroke="shift ctrl meta e" />
  </action>
</keymap>